Datetime,Water Level (m)
2025-12-17 06:00:00,0.11499234
2025-12-17 07:00:00,0.06349657
2025-12-17 08:00:00,-0.057186775
2025-12-17 09:00:00,-0.18020013
2025-12-17 10:00:00,-0.2984336
2025-12-17 11:00:00,-0.4139265
2025-12-17 12:00:00,-0.5120977
2025-12-17 13:00:00,-0.5320394
2025-12-17 14:00:00,-0.3795267
2025-12-17 15:00:00,-0.18403497
2025-12-17 16:00:00,-0.0047952468
2025-12-17 17:00:00,0.14744972
2025-12-17 18:00:00,0.2508936
2025-12-17 19:00:00,0.27550915
2025-12-17 20:00:00,0.1901213
2025-12-17 21:00:00,0.045697585
2025-12-17 22:00:00,-0.08837711
2025-12-17 23:00:00,-0.21495116
2025-12-18 00:00:00,-0.332011
2025-12-18 01:00:00,-0.42898732
2025-12-18 02:00:00,-0.44946358
2025-12-18 03:00:00,-0.31237143
2025-12-18 04:00:00,-0.14619674
2025-12-18 05:00:00,-0.01083085
2025-12-18 06:00:00,0.08492658
2025-12-18 07:00:00,0.10151869
2025-12-18 08:00:00,0.0021356994
2025-12-18 09:00:00,-0.13219304
2025-12-18 10:00:00,-0.25652853
2025-12-18 11:00:00,-0.37793484
2025-12-18 12:00:00,-0.49235964
2025-12-18 13:00:00,-0.5671588
2025-12-18 14:00:00,-0.5134061
2025-12-18 15:00:00,-0.3194993
2025-12-18 16:00:00,-0.12694332
2025-12-18 17:00:00,0.055641033
2025-12-18 18:00:00,0.20774962
2025-12-18 19:00:00,0.3035895
2025-12-18 20:00:00,0.29769593
2025-12-18 21:00:00,0.17780025
2025-12-18 22:00:00,0.02597937
2025-12-18 23:00:00,-0.1131249
2025-12-19 00:00:00,-0.24442331
2025-12-19 01:00:00,-0.36433816
2025-12-19 02:00:00,-0.44963458
2025-12-19 03:00:00,-0.40846968
2025-12-19 04:00:00,-0.22829421
2025-12-19 05:00:00,-0.07276769
2025-12-19 06:00:00,0.05816032
2025-12-19 07:00:00,0.13078773
2025-12-19 08:00:00,0.10129161
2025-12-19 09:00:00,-0.028415995
2025-12-19 10:00:00,-0.161005
2025-12-19 11:00:00,-0.28382722
2025-12-19 12:00:00,-0.40594262
2025-12-19 13:00:00,-0.5158943
2025-12-19 14:00:00,-0.56324965
2025-12-19 15:00:00,-0.440071
2025-12-19 16:00:00,-0.2314966
2025-12-19 17:00:00,-0.034942772
2025-12-19 18:00:00,0.26280767
2025-12-19 19:00:00,0.40539226
2025-12-19 20:00:00,0.40403965
2025-12-19 21:00:00,0.32462615
2025-12-19 22:00:00,0.16666004
2025-12-19 23:00:00,0.011977259
2025-12-20 00:00:00,-0.13038881
2025-12-20 01:00:00,-0.26079196
2025-12-20 02:00:00,-0.37696385
2025-12-20 03:00:00,-0.43669268
2025-12-20 04:00:00,-0.32360032
2025-12-20 05:00:00,-0.14044835
2025-12-20 06:00:00,0.0127302585
2025-12-20 07:00:00,0.1277737
2025-12-20 08:00:00,0.16571155
2025-12-20 09:00:00,0.08616458
2025-12-20 10:00:00,-0.054893784
2025-12-20 11:00:00,-0.18616822
2025-12-20 12:00:00,-0.31114444
2025-12-20 13:00:00,-0.43341395
2025-12-20 14:00:00,-0.52988905
2025-12-20 15:00:00,-0.52950984
2025-12-20 16:00:00,-0.34731835
2025-12-20 17:00:00,-0.14050342
2025-12-20 18:00:00,0.05865029
2025-12-20 19:00:00,0.3966009
2025-12-20 20:00:00,0.43728644
2025-12-20 21:00:00,0.40802318
2025-12-20 22:00:00,0.2825405
2025-12-20 23:00:00,0.116579704
2025-12-21 00:00:00,-0.03406786
2025-12-21 01:00:00,-0.17503577
2025-12-21 02:00:00,-0.30620882
2025-12-21 03:00:00,-0.41706756
2025-12-21 04:00:00,-0.429826
2025-12-21 05:00:00,-0.25994015
2025-12-21 06:00:00,-0.081670284
2025-12-21 07:00:00,0.066947594
2025-12-21 08:00:00,0.16053249
2025-12-21 09:00:00,0.15473765
2025-12-21 10:00:00,0.03394778
2025-12-21 11:00:00,-0.10208991
2025-12-21 12:00:00,-0.22591639
2025-12-21 13:00:00,-0.35124728
2025-12-21 14:00:00,-0.4699097
2025-12-21 15:00:00,-0.54817104
2025-12-21 16:00:00,-0.48123708
2025-12-21 17:00:00,-0.2718037
2025-12-21 18:00:00,-0.063385
2025-12-21 19:00:00,0.23615737
2025-12-21 20:00:00,0.4828915
2025-12-21 21:00:00,0.45391864
2025-12-21 22:00:00,0.37985626
2025-12-21 23:00:00,0.215838
2025-12-22 00:00:00,0.05412851
2025-12-22 01:00:00,-0.09303832
2025-12-22 02:00:00,-0.22822753
2025-12-22 03:00:00,-0.356369
2025-12-22 04:00:00,-0.43990356
2025-12-22 05:00:00,-0.36990738
2025-12-22 06:00:00,-0.17578566
2025-12-22 07:00:00,-0.01100853
2025-12-22 08:00:00,0.12344756
2025-12-22 09:00:00,0.18237153
2025-12-22 10:00:00,0.12958401
2025-12-22 11:00:00,-0.009082125
2025-12-22 12:00:00,-0.1403264
2025-12-22 13:00:00,-0.2647215
2025-12-22 14:00:00,-0.38613713
2025-12-22 15:00:00,-0.49593166
2025-12-22 16:00:00,-0.5348071
2025-12-22 17:00:00,-0.38815165
2025-12-22 18:00:00,-0.16981497
2025-12-22 19:00:00,0.041103672
2025-12-22 20:00:00,0.3950022
2025-12-22 21:00:00,0.5139734
2025-12-22 22:00:00,0.44092494
2025-12-22 23:00:00,0.32124957
2025-12-23 00:00:00,0.15154655
2025-12-23 01:00:00,-0.0019956923
2025-12-23 02:00:00,-0.14564022
2025-12-23 03:00:00,-0.27572015
2025-12-23 04:00:00,-0.39155817
2025-12-23 05:00:00,-0.42266735
2025-12-23 06:00:00,-0.27780494
